,Unnamed: 0,0,1,2,3
0,0,99654.17467853971,99638.8652203168,91191.30463257535,91176.39173890083
1,1,44064.37675269347,44114.643672719685,55498.92094431728,55589.1389070805
2,2,22288.155633186125,22353.906733213917,36550.575436877814,36671.202988325604
3,3,12892.047002616762,12953.715852470394,25854.17848132988,25971.07164797978
4,4,8379.479335530963,8432.465100396808,19432.85093951011,19534.145383356135
5,5,5963.9171596036085,6008.918072664143,15342.794273369222,15426.931137260002
6,6,4535.751838290656,4574.540557622729,12591.619259812773,12661.04793710004
7,7,3617.6236018699256,3652.017150628702,10649.654234130549,10707.812454322613
8,8,2986.4399058952313,3017.900872590873,9221.095955574487,9271.283752273395
9,9,2529.610583869576,2559.067215131672,8133.342978980877,8178.218917872492
10,10,2185.636641909336,2213.671267050723,7281.004419476522,7322.669337093825
11,11,1918.5431447637839,1945.5658255033136,6597.012999042148,6636.978496524029
12,12,1705.9960147495874,1732.277051320283,6037.167559557213,6076.547275761546
13,13,1533.4377537093046,1559.1433832677303,5571.32184411333,5610.903977578558
14,14,1391.0044432958402,1416.2394524506979,5178.1804457968665,5218.533341863389
15,15,1271.7655599920802,1296.58438571004,4842.460715725788,4883.8416912496905
16,16,1170.7139300312922,1195.1571296671998,4552.879285721874,4595.417100209578
17,17,1084.1602782377774,1108.2434257725342,4300.834241314135,4344.631458586456
18,18,1009.3287234345939,1033.0563283819336,4079.7557670720626,4124.805558156751
19,19,944.0904612161123,967.4519075146345,3884.505486559162,3930.747166465443
20,20,886.7719621024562,909.7819880876567,3710.971248153379,3758.3567580014033
21,21,836.0726784719812,858.7308233793782,3555.903932740902,3604.3316314412255
22,22,790.9536337921679,813.2514739126116,3416.6296987763594,3466.023984258849
23,23,750.5747608645729,772.5087031290824,3290.9059204709656,3341.2145698668796
24,24,714.2397388867134,735.8241693113503,3176.9218108131654,3228.061202741587
25,25,681.3915160467604,702.6362743921576,3073.157000100366,3125.0207945027914
26,26,651.561980284569,672.4836575880621,2978.3557601254256,3030.838175811287
27,27,624.3577733307683,644.9620331292731,2891.4114787107214,2944.4613116400596
28,28,599.445488959724,619.7579334760013,2811.405104180598,2864.939041038826
29,29,576.5596725044497,596.5975365700192,2737.52636330852,2791.5007687447182
30,30,555.4693368172963,575.2382737160949,2669.109453029284,2723.463515155817
31,31,535.9669953660078,555.4806155590953,2605.57768569201,2660.2361353379424
32,32,517.8853560599439,537.1482684970932,2546.4270824435694,2601.3235904059716
33,33,501.07543347114057,520.0991383953021,2491.187288373419,2546.2888641644377
34,34,485.41191137303525,504.2039087049155,2439.4769803734953,2494.7590306233155
35,35,470.79206190812135,489.34796051623323,2390.959838983615,2446.3833127297557
36,36,457.11753414611366,475.4338727473588,2345.350664462001,2400.8604224678043
37,37,444.3104636431182,462.37206872063103,2302.3579012858117,2357.936011515268
38,38,432.30195587302524,450.09106316291496,2261.746324227494,2317.383340560075
39,39,421.01847135141213,438.52758486095786,2223.311636739973,2279.0029147923697
40,40,410.4008940862175,427.6194804730143,2186.8732314619797,2242.599841829795
41,41,400.39042509164176,417.31148114737704,2152.2653283844534,2208.006907415758
42,42,390.92715512891607,407.5589101700104,2119.346278139849,2175.079673370812
43,43,381.96816374475924,398.3238903866011,2087.982537720484,2143.6884542677867
44,44,373.470304634752,389.5602650898723,2058.0493527235085,2113.7208213880463
45,45,365.4012227217772,381.2304082791264,2029.4370499749136,2085.07098529292
46,46,357.72842237759954,373.3025297309932,2002.0483619846066,2057.6433301515654
47,47,350.4207531196727,365.7480842101257,1975.7937637617385,2031.3535567617976
48,48,343.452354565578,358.54376539727065,1950.5963692164464,2006.1185558347256
49,49,336.7997077062139,351.6682247206575,1926.3851010088704,1981.8689281083175
50,50,330.442042956008,345.097239922812,1903.0907072104917,1958.5368754877552
51,51,324.36162276473783,338.8103056464745,1880.6553196038915,1936.0625246066238
52,52,318.54170290317114,332.7895599989792,1859.0227162283068,1914.390453543001
53,53,312.9652708093127,327.02290392643033,1838.1459896856663,1893.4711338793315
54,54,307.61799584445146,321.4940684508095,1817.9761101511433,1873.259253576276
55,55,302.48531347502984,316.18695336191536,1798.4691362069484,1853.7145221078315
56,56,297.55461486750664,311.087672649882,1779.5862632808985,1834.799084132976
57,57,292.814373919046,306.18446869162693,1761.2922210615286,1816.4758348263565
58,58,288.25563632342175,301.46682213100195,1743.5544190733985,1798.7133945051987
59,59,283.8666733031264,296.92413816311637,1726.3411317026846,1781.4808714337855
60,60,279.6381313327854,292.54689722619025,1709.626758884868,1764.7506668380927
61,61,275.5619995527094,288.3262699189775,1693.387367635145,1748.4981721124268
62,62,271.63071091835496,284.2549066182887,1677.5941833881031,1732.7006932270351
63,63,267.8360149011462,280.32584398208905,1662.2272773194509,1717.3348133669856
64,64,264.1710899711372,276.5319368979048,1647.2624378224846,1702.3794218662122
65,65,260.62944969128984,272.8653086814318,1632.6802333334397,1687.8139579518793
66,66,257.20551611116434,269.32060363332107,1618.461594073072,1673.6196840275786
67,67,253.89396970190074,265.89115168204927,1604.5907409011027,1659.7783759537463
68,68,250.6895003617046,262.572531351222,1591.0532704988557,1646.2737102484305
69,69,247.58641476944325,259.3590316504969,1577.8326245410647,1633.091989118219
70,70,244.58010666944944,256.24555522958025,1564.9129689354304,1620.2185785184706
71,71,241.6665946795968,253.2286713503632,1552.2843328365113,1607.6399022991175
72,72,238.84149307169147,250.30432550549,1539.9317490348587,1595.3440788631904
73,73,236.10212504398513,247.4672486745524,1527.843007826758,1583.3205384225835
74,74,233.4434765347717,244.71349688980456,1516.0079778939541,1571.5575092505742
75,75,230.8623369131996,242.0394888175591,1504.4167629538913,1560.0443890010122
76,76,228.35548280308552,239.44305139282585,1493.058714817322,1548.7728288800643
77,77,225.919529910179,236.9204574145412,1481.923829537932,1537.7346200715017
78,78,223.55159797837848,234.46845438110748,1471.0040233146326,1526.9184377601732
79,79,221.24976956148723,232.0840319381482,1460.2946799237964,1516.3157106403798
80,80,219.01187806010984,229.7643653828577,1449.7848929412662,1505.9193499744329
81,81,216.83434360324367,227.5069308037864,1439.4659863825632,1495.7220091750637
82,82,214.7147885780332,225.30943700780463,1429.3320506517625,1485.7161366174719
83,83,212.65094432302544,223.16978789372035,1419.3779874398658,1475.8978235264417
84,84,210.6406863147093,221.08604361194682,1409.5971699022075,1466.2610334604178
85,85,208.68214068971687,219.05620985196282,1399.9830443707135,1456.7975923672318
86,86,206.77386743883216,217.0782845936152,1390.532621618024,1447.5018369341292
87,87,204.91440826503242,215.1502438064991,1381.2409290568712,1438.3700284256383
88,88,203.1015734948436,213.27023783955016,1372.1001129199924,1429.394079106581
89,89,201.333280014479,211.4366143697377,1363.1053367682975,1420.5686973241677
90,90,199.60797273510224,209.64834161781695,1354.2521135883271,1411.888496559645
91,91,197.92400906312642,207.9040154878131,1345.535696320848,1403.3488849975872
92,92,196.2797567765459,206.20308311734,1336.9529704018332,1394.9461714086628
93,93,194.6741830755038,204.5427565728363,1328.4997298388546,1386.677433360473
94,94,193.10598764758083,202.92195827926383,1320.171756347054,1378.5373107866526
95,95,191.5739102161483,201.33926329272015,1311.9661724682992,1370.5228074831628
96,96,190.07668515242645,199.793379010068,1303.8793879387586,1362.629534093324
97,97,188.61318740553884,198.28275899153093,1295.9082453390574,1354.8559483371112
98,98,187.18247148163238,196.80582032246414,1288.048330095688,1347.198278974204
99,99,185.78345283118557,195.3618216537483,1280.2977868475784,1339.6520773013144
100,100,184.41534365146092,193.95086001781164,1272.652369301386,1332.2145429735244
101,101,183.0771820634464,192.57058308904197,1265.1108913160583,1324.8828731684234
102,102,181.76843435652788,191.21986195911498,1257.6699714312722,1317.6541897589568
103,103,180.487801240854,189.8979191496254,1250.3265645988279,1310.5256031856707
104,104,179.2342798227245,188.60389335018985,1243.0787681948864,1303.4963029134544
105,105,178.00687572905377,187.3367932910553,1235.9263461864646,1296.562822058073
106,106,176.80518259104522,186.09587240269013,1228.8651498217528,1289.7225174060538
107,107,175.6282731042851,184.88038713628052,1221.8923793586853,1282.9734711094152
108,108,174.47520352491046,183.68948101633708,1215.0057580188866,1276.3139322620468
109,109,173.34544341203602,182.52237186720922,1208.2048504334114,1269.7416498003247
110,110,172.23835937101887,181.37883824772902,1201.4867676008494,1263.2535098408562
111,111,171.1532294773311,180.25877134571945,1194.8495647075213,1256.848279635386
112,112,170.08937912944796,179.1608069225843,1188.2918916750664,1250.5235633492657
113,113,169.04614700704198,178.08408556884427,1181.8110366133485,1244.277101771632
114,114,168.02298523007255,177.02798571084094,1175.4047391521729,1238.1074027470113
115,115,167.01932029740792,175.9919097088974,1169.0721820261936,1232.0124919049365
116,116,166.03460508372993,174.97527273804138,1162.8119136452028,1225.9921402032355
117,117,165.06831562714902,173.97750263767276,1156.6223899628217,1220.0447686580544
118,118,164.11993810210777,172.99808120929612,1150.5021826274462,1214.168118824341
119,119,163.1889592161165,172.036476759707,1144.449239807631,1208.3612483792974
120,120,162.2748130977563,171.0922733805601,1138.4632236989225,1202.6227338504093
121,121,161.3770573026699,170.16502779017176,1132.541994032023,1196.9515753150522
122,122,160.4954494394967,169.25434352120826,1126.6834469988644,1191.3458174432617
123,123,159.62957553601498,168.35984112731867,1120.8870474399848,1185.8048450967694
124,124,158.77895738782846,167.48113864395063,1115.1523499296654,1180.3269437001234
125,125,157.94310756296832,166.6177352463654,1109.477425924562,1174.9105867721742
126,126,157.12160845492554,165.7692173993654,1103.861331342018,1169.5541834593207
127,127,156.31420901375728,164.93519106503854,1098.302637677309,1164.2573115111613
128,128,155.52068194937243,164.11529215792083,1092.80098422889,1159.0180624180668
129,129,154.74065099388585,163.30915722125278,1087.3553101384864,1153.8352586744022
130,130,153.97373418583123,162.51644977029605,1081.963857943991,1148.7076194848776
131,131,153.2196550924962,161.7368767538538,1076.6263471931602,1143.6341521406407
132,132,152.47813581432914,160.9700975332065,1071.3413614277245,1138.6139042276443
133,133,151.74885804314644,160.21586523057303,1066.108317103298,1133.6458497557392
134,134,151.0317486982918,159.47438236477603,1060.9264203916557,1128.7294647720787
135,135,150.3265670948587,158.74546216299152,1055.7943215296934,1123.8633467066875
136,136,149.63288720071336,158.02834217164403,1050.7119206678099,1119.0465631981406
137,137,148.95039206114663,157.3226736209769,1045.677990768174,1114.2793012305713
138,138,148.278793688992,156.62814661413177,1040.6914633872059,1109.5607060436216
139,139,147.61774619492442,155.94451384728688,1035.7511745637923,1104.889529768883
140,140,146.96695306464528,155.2715436704549,1030.856769830635,1100.26470022542
141,141,146.3263097748551,154.6090119002762,1026.0073086560246,1095.6853527557157
142,142,145.6956066062038,153.9566906311121,1021.2020602798005,1091.1506569442174
143,143,145.0746049543371,153.3143192844281,1016.4400701445148,1086.6599282175714
144,144,144.46307947925237,152.68169957031026,1011.7212770899233,1082.212554555097
145,145,143.86081508278411,152.05859858618788,1007.0443427353347,1077.8079388436709
146,146,143.26759227862274,151.4447787873782,1002.4084109687271,1073.4458097344352
147,147,142.68310678921296,150.84003311864697,997.8140125628211,1069.125279305649
148,148,142.107319001343,150.24416806624316,993.2590101136212,1064.8453741600754
149,149,141.53998282773276,149.65699458574676,988.7433664856654,1060.6053889633122
150,150,140.98105642652587,149.07838021584757,984.2672240007895,1056.4048149662174
151,151,140.4303186258726,148.5080943211086,979.8288458996664,1052.2431203522922
152,152,139.8875185273638,147.945950929319,975.4284612810311,1048.119691916652
153,153,139.3525499697108,147.39178077277728,971.0663327408089,1044.0339172699369
154,154,138.8251536373246,146.84541971109903,966.7428905107892,1039.9853727394216
155,155,138.30543475313968,146.3067044282488,962.4566769161282,1035.9737552691222
156,156,137.7931619242949,145.77548731844794,958.2067582458352,1031.9981157834734
157,157,137.28816414892788,145.25163311733792,953.9922039717645,1028.0579152251998
158,158,136.7901382469633,144.734986317042,949.8121780742845,1024.1532675603235
159,159,136.29901325349616,144.2254105876191,945.6666341436277,1020.2833989989318
160,160,135.81464716796012,143.72279423181308,941.554953455621,1016.4477654120042
161,161,135.3369522220661,143.22696939197687,937.4765564736629,1012.645815143079
162,162,134.8657792235253,142.7378066113548,933.4310348986342,1008.877056345787
163,163,134.4009892272052,142.25518916679297,929.4181989563891,1005.1412993078379
164,164,133.94245063601898,141.77898499681152,925.4371835832916,1001.4380382407805
165,165,133.48998965029332,141.30906738527875,921.4879059822521,997.7666293070041
166,166,133.04345211754864,140.84538193167515,917.5696745898323,994.1268320015545
167,167,132.60278601247379,140.38780515913342,913.6840377759099,990.5180910609472
168,168,132.16789362336186,139.93616699136234,909.8294702017289,986.9400116528166
169,169,131.7386346613254,139.49035100809243,906.0047164096401,983.391967963998
170,170,131.31476910023187,139.0502364028059,902.2104752302212,979.8737171390086
171,171,130.89632405491292,138.61572134759146,898.4461670238061,976.3858414403064
172,172,130.48328916931058,138.18670607186502,894.7108956497249,972.9265814149994
173,173,130.0754450752685,137.76308231225718,891.0044753367588,969.4960671549202
174,174,129.67302151210012,137.34474497558662,887.3267502394931,966.093753168978
175,175,129.27577458980338,136.93159581460236,883.6771469123858,962.7193213944187
176,176,128.88339911943746,136.52354232231158,880.055620560248,959.3733371004472
177,177,128.49595453910678,136.12050331460662,876.4613187877342,956.0562549537914
178,178,128.11344246629824,135.72240349757928,872.894363517408,952.7665915652062
179,179,127.73564625759592,135.32926500956017,869.3544795614001,949.5033332334829
180,180,127.36252463863106,134.94091591334532,865.841757354847,946.2659833952738
181,181,126.99402404828551,134.55724757619834,862.3561010139781,943.0543240270426
182,182,126.62999651478563,134.17818321343054,858.8968918366296,939.8681592839396
183,183,126.27039136639169,133.80364911894307,855.4635645182374,936.7073935126931
184,184,125.91511781289269,133.4335440793046,852.0556422202071,933.5716822515294
185,185,125.56400479199219,133.06778848020286,848.6735167482433,930.4610289682212
186,186,125.21702890163395,132.70630850606977,845.3164320642358,927.374845860999
187,187,124.87411114402596,132.34904545316923,841.9841367955042,924.3140389208091
188,188,124.53526246308493,131.9959471879067,838.6771214890816,921.2770690374955
189,189,124.2004282035521,131.64693193277648,835.3933971744643,918.2635078799024
190,190,123.86960165611895,131.30192265608522,832.1332597461707,915.2732019495129
191,191,123.54266386195974,130.96084808277357,828.8965293193999,912.3059166089132
192,192,123.21945695415221,130.6236465570904,825.6824874054676,909.3614265986572
193,193,122.90002232539915,130.29025198549672,822.4912653768563,906.4395743152162
194,194,122.58418959941112,129.9605976564991,819.3228495655429,903.540435010963
195,195,122.271839858845,129.63462034935628,816.1768298479358,900.6632819227927
196,196,121.96295671525068,129.31226042255128,813.053049820227,897.8078744183364
197,197,121.65760571399562,128.99346045307874,809.9514943874437,894.9741065585366
198,198,121.35598593177015,128.67818871992182,806.8718541147178,892.16175743715
199,199,121.05784014498332,128.3663687576715,803.814730480951,889.3707417921099
200,200,120.76303242993991,128.05794346865443,800.7797877417903,886.6008939380447
201,201,120.47155980461059,127.7528744593174,797.7659151950081,883.8522646426605
202,202,120.18328763556354,127.45109931177372,794.7730721771475,881.1245023189339
203,203,119.89822336105968,127.15258080983556,791.8019608531572,878.4167981739512
204,204,119.61622723156692,126.85725149508488,788.8511774302501,875.7289743998825
205,205,119.33715057500685,126.56527533985926,785.9204049715263,873.06081706597
206,206,119.06114112934769,126.27650572780188,783.010187410177,870.4121826005592
207,207,118.78808732245571,125.99080257282469,780.1198692037079,867.7829723619744
208,208,118.5179592187203,125.70810849323004,777.2501387524849,865.1730290508846
209,209,118.25068765720782,125.4283702693491,774.4006564616161,862.5819799656691
210,210,117.9862094090082,125.15153947753969,771.570989199668,860.0099036044193
211,211,117.7244853846501,124.87757024278969,768.760608223124,857.4565713020874
212,212,117.4655120640669,124.60641971378664,765.9688982449594,854.9217137299507
213,213,117.20921180338043,124.33804515887516,763.196044775664,852.4057147617774
214,214,116.95554566801479,124.07240416397707,760.4414377145997,849.9081104013728
215,215,116.7045438056572,123.80946930683649,757.7048535619091,847.4288147391102
216,216,116.4561494140025,123.54919909289059,754.98582573312,844.966722462807
217,217,116.21031339397258,123.29154717692877,752.2841407196426,842.521988344542
218,218,115.96692726010909,123.03647476020195,749.6005655931014,840.0944889991771
219,219,115.72600194808838,122.78394346585158,746.9344836604145,837.684050453471
220,220,115.48745637981241,122.53391683557321,744.2866178942585,835.2904595004374
221,221,115.25123163082048,122.28635912565387,741.6557593417692,832.9135437458091
222,222,115.01743042933336,122.04123502402291,739.0433635199472,830.553153443278
223,223,114.78597812224557,121.79850999669706,736.4478637152715,828.2098202280512
224,224,114.55688324973332,121.55816172017313,733.8691605107898,825.882721837965
225,225,114.3301912303432,121.32014982792712,731.3069590426899,823.5715634548156
226,226,114.10582242247986,121.08443916577795,728.7612113740885,821.2762395964813
227,227,113.88369874903469,120.85099625747948,726.2316497761925,818.9966234449192
228,228,113.66369585485351,120.61978886256972,723.7180658567922,816.7325805575405
229,229,113.44581649597248,120.3907875507945,721.2208357680206,814.4839778523599
230,230,113.23008629376056,120.16407037691461,718.7400966341407,812.2506808281081
231,231,113.01644747051348,119.93955137568213,716.2756180386334,810.0325565396672
232,232,112.80482027639931,119.71719047374056,713.8269460017441,807.8294657740256
233,233,112.59522686375178,119.49693821563521,711.3942242089445,805.6412593490911
234,234,112.38765879692112,119.2787582230529,708.9772844296976,803.4679888529135
235,235,112.18206290801491,119.06261799205404,706.5761737187096,801.3108249879042
236,236,111.9783768482716,118.8484879328503,704.1906782258662,799.1677751927764
237,237,111.77655362546177,118.63634066646252,701.8202754227827,797.0395360255151
238,238,111.57657004450942,118.42614933404272,699.4645634415101,794.9251087904083
239,239,111.37849073686459,118.21788621607841,697.1238010832053,792.8245196751355
240,240,111.18222776000296,118.01152454563824,694.7983314498215,790.7378120159278
241,241,110.98765675915469,117.8070385813705,692.4876129870146,788.6654968524359
242,242,110.79490193060984,117.604403348834,690.191181484566,786.6069817055334
243,243,110.60391635717149,117.40359449256205,687.9092579347791,784.5618045274085
244,244,110.41466928814428,117.20458818861086,685.6417353395505,782.5299240461701
245,245,110.22704043931977,117.00736109055313,683.3881986158665,780.5112622475862
246,246,110.0410546982276,116.81189029425344,681.1485886695551,778.5057366850557
247,247,109.8567973256537,116.61815361318862,678.9234214742024,776.5132733885658
248,248,109.6742271016418,116.42616493899305,676.7116868741705,774.5337472592727
249,249,109.49327763989113,116.23606451616408,674.5135227351977,772.5670424791473
250,250,109.31385902311676,116.04766277762636,672.3294883696578,770.6131028354222
251,251,109.13595781416528,115.86092582360146,670.1590303729674,768.6724074758746
252,252,108.9596290415699,115.6758256942884,668.0020279205999,766.7443909669478
253,253,108.7847597810264,115.49233764423113,665.8586738021036,764.8288534134427
254,254,108.61140545935035,115.31043915621879,663.7290830905374,762.9253851367777
255,255,108.43957345026381,115.13011219945841,661.6122301486789,761.0339529364808
256,256,108.26918652892307,114.95133586755146,659.5079207026201,759.1544988718306
257,257,108.1001863010979,114.77408960350151,657.415804548593,757.2869995332736
258,258,107.93254691896112,114.59835347749045,655.3360204544351,755.4319894238351
259,259,107.76641747324081,114.42410847409741,653.2691602521404,753.5885255028653
260,260,107.60169583035393,114.25133611691328,651.2146308472644,751.7572687447844
261,261,107.43841289971931,114.08001836607927,649.1722378831646,749.9375420264266
262,262,107.27641033292237,113.91013878763948,647.1417224328013,748.1290532230917
263,263,107.11579442836937,113.7416874421105,645.1229626688748,746.3321509698278
264,264,106.95644771177273,113.57464192759927,643.1171006747147,744.5466587748299
265,265,106.79842265855122,113.4089841354777,641.1230701729642,742.7721665534239
266,266,106.64175462820562,113.24469699146499,639.1412192025348,741.0086176636129
267,267,106.48642121037851,113.08176408427491,637.1711940722961,739.2559645670201
268,268,106.33236202032707,112.92017439329916,635.2128325280602,737.514128840433
269,269,106.1795394768534,112.75991151169258,633.267242665136,735.7830360816793
270,270,106.02794755922443,112.60096091757369,631.3327941213795,734.062599698351
271,271,105.8775746174877,112.44330434034828,629.4091640783125,732.3527861432715
272,272,105.72843057376384,112.28692562833349,627.4965418001326,730.6534965486214
273,273,105.58053763871203,112.13180931224309,625.5953273149479,728.9646371008871
274,274,105.43386925268815,111.97794042039244,623.7053332510203,727.28611314992
275,275,105.28835602587877,111.82530469671042,621.8262270160839,725.6178345048723
276,276,105.14403076256298,111.67388800237201,619.9577491566461,723.9597207772841
277,277,105.000800665299,111.5236767429193,618.0995409140279,722.3121503742582
278,278,104.85856186550308,111.37466358135843,616.252180817724,720.6745626261393
279,279,104.71730648520479,111.22682957497013,614.4163904364783,719.0470390976296
280,280,104.57704597164243,111.08016074266745,612.5907259699687,717.4296142121724
281,281,104.43795378627323,110.9346498239954,610.7758009024787,715.8218259616165
282,282,104.29993606664652,110.79028078494328,608.9712921900525,714.2236876430358
283,283,104.16298352200168,110.6470389288182,607.177392394376,712.6351361078367
284,284,104.02708986649387,110.50491635871677,605.394048171322,711.0562083190847
285,285,103.89227157513322,110.3638989378938,603.6215323236079,709.4867362492363
286,286,103.7585185861398,110.22397184970863,601.8593207109477,707.9270375640131
287,287,103.6256984433827,110.08512244153877,600.10701765594,706.3768649883868
288,288,103.49384085708746,109.9473384906473,598.3643276566027,704.8357686413921
289,289,103.36298609071821,109.81062671257222,596.6311006063644,703.3045883371233
290,290,103.23311240717732,109.67501166605378,594.907491410625,701.7833263481368
291,291,103.10419925415495,109.54045848448672,593.193829532728,700.2705925494771
292,292,102.97627693479136,109.40694405856723,591.4898139670917,698.7665176436425
293,293,102.84930715972084,109.2744538843015,589.7952001434429,697.2711341760677
294,294,102.7233163516813,109.14297412403248,588.1102437499467,695.784461403485
295,295,102.59824989530027,109.01248851775759,586.4346915989202,694.3064648975204
296,296,102.4741125726431,108.88298443795144,584.7683067859049,692.8371162422329
297,297,102.35095411079521,108.7544499308157,583.1115424276792,691.3763652550218
298,298,102.22866739653306,108.62687373895544,581.4644346414213,689.9243882410074
299,299,102.10730889492615,108.50024507614113,579.826145971621,688.4810941692099
300,300,101.98685240846822,108.3745535042065,578.1968339756155,687.0461055254194
301,301,101.86722231340627,108.24979608719072,576.5766221580516,685.6193704291027
302,302,101.74844157953454,108.12595783271016,574.9655708503625,684.2008688312715
303,303,101.63058246093824,108.00302812288784,573.3633906454509,682.7910363257174
304,304,101.51357942168958,107.88099710417869,571.7701783779937,681.3892179578633
305,305,101.39743703653616,107.75985501158232,570.1855273854994,679.9954646420447
306,306,101.28208477482671,107.63959230309628,568.60949712062,678.6096370369919
307,307,101.16757716423571,107.52019970891449,567.0418584228953,677.2317227770111
308,308,101.05383892535605,107.40166815254143,565.4824124045456,675.861667930279
309,309,100.94089812679742,107.2839891235314,563.9315465031627,674.4994323453586
310,310,100.82867796747108,107.1671598325508,562.3892201875631,673.1449926252641
311,311,100.71725385116943,107.05118255945028,560.8557813430674,671.7983289284946
312,312,100.60661888698714,106.93610559568691,559.3307193389411,670.4594933257288
313,313,100.4967089507442,106.82196381432331,557.8138992142244,669.1286743257485
314,314,100.38762617616877,106.70867535386309,556.30483727919,667.8052581365168
315,315,100.27933119782806,106.59621333933529,554.8037981923849,666.489242235192
316,316,100.17184470944291,106.48460807338141,553.3105156583119,665.1806016657358
317,317,100.06510827583837,106.37383539986999,551.8252696373423,663.8793044233153
318,318,99.95907086694388,106.2638679195414,550.3479963610304,662.5853074750456
319,319,99.85371601468155,106.15468751713706,548.8791130514899,661.298576274882
320,320,99.74909513866122,106.0462803104477,547.4178188285161,660.0190474905943
321,321,99.64522484707553,105.93863487390198,545.9639220991652,658.7466726198311
322,322,99.54208119552672,105.83174127231877,544.5175645806154,657.4813969467602
323,323,99.43965753167645,105.72559050656095,543.0793405821356,656.2236730022689
324,324,99.33787913737099,105.62017419292809,541.6491668235476,654.9729350603425
325,325,99.23674167586641,105.51548552995096,540.2264756843502,653.7290422660508
326,326,99.13624181118116,105.41152043150277,538.8113899987184,652.4919889883554
327,327,99.03642683971631,105.30826828711956,537.4043955251791,651.2617433139628
328,328,98.93730387237812,105.20572132317905,536.0050626666075,650.0382732211315
329,329,98.83880288301037,105.1038721418871,534.6133645439252,648.8218546864814
330,330,98.74092224025513,105.00271361354766,533.2288492570196,647.6123721794878
331,331,98.64369370017016,104.9022389309795,531.851486684875,646.4093864092262
332,332,98.5471035080618,104.80244142422684,530.481486062276,645.2129093184437
333,333,98.45115748877012,104.70331436925949,529.1189351055912,644.0229331824678
334,334,98.35589691496858,104.6048512111602,527.763711078108,642.8394337324088
335,335,98.26125953557006,104.50705082130699,526.4157411757903,641.6623737943833
336,336,98.16726441093758,104.40990727661018,525.0741672174735,640.4917235504288
337,337,98.07390091949634,104.31341006663759,523.7397079658398,639.3274531880979
338,338,97.98113918626845,104.2175524531135,522.4119465757682,638.1694970170106
339,339,97.88898355486046,104.12232805665064,521.0907556646456,637.0178075740251
340,340,97.79746725433563,104.0277307333286,519.7760902517201,635.872345469665
341,341,97.706531217633,103.93375456561905,518.4678880860054,634.7331368911559
342,342,97.6161664501123,103.84044752886355,517.166713734577,633.6004867397999
343,343,97.52637926769785,103.74782204533793,515.8729753090672,632.4738041761987
344,344,97.43715187429942,103.65582211232979,514.5856813460425,631.3530964620993
345,345,97.34848987655486,103.5644337832488,513.3054129998814,630.2383490444506
346,346,97.26038303046523,103.47364550781876,512.0317434101516,629.1296121904503
347,347,97.17284609962108,103.3834487894968,510.7642093814925,628.0270852089095
348,348,97.08585065443216,103.29383641294834,509.50301586931545,626.9303470174077
349,349,96.99939427197032,103.20480193132515,508.248324977345,625.8393983384484
350,350,96.91344874027081,103.11634097463451,506.99996970619986,624.7542449373896
351,351,96.82800872332598,103.02845197522294,505.75811931085445,623.6749073416547
352,352,96.74313309572544,102.94112559485256,504.522619387691,622.6013568503831
353,353,96.6587113897508,102.854355787323,503.293598761432,621.533579622448
354,354,96.5748177897553,102.7681369654687,502.0705469772586,620.4714420627079
355,355,96.4914505119852,102.68246383690143,500.85351963203334,619.4148789302111
356,356,96.40853913089641,102.59733130774643,499.6427737442449,618.3638609685555
357,357,96.3261968670702,102.51273649613523,498.43785176869903,617.318371887325
358,358,96.24441813288614,102.4286822164107,497.23909174039375,616.2783695596316
359,359,96.16313485546586,102.34515585596607,496.04627177633347,615.2438156500759
360,360,96.08225519485424,102.26215179641346,494.8593896434828,614.214687272454
361,361,96.00189673899551,102.17966495108526,493.67755315695086,613.1909451237042
362,362,95.9220852251198,102.09769053220928,492.50116674159074,612.1725516101131
363,363,95.84276752130684,102.01622393224493,491.33066685939195,611.1600596234877
364,364,95.76388673912709,101.93526066285743,490.16608123068124,610.1530451223766
365,365,95.68543663944936,101.85479632307688,489.00711065530817,609.1510774756011
366,366,95.60747684728464,101.77482658230836,487.85407853019206,608.1542120948391
367,367,95.53002621650585,101.69534717095252,486.706946575126,607.1624555683626
368,368,95.45305553885159,101.61635387496008,485.5659252747298,606.1758039450076
369,369,95.3764846510957,101.5378425324679,484.43063250652136,605.1942500013002
370,370,95.3003629655087,101.45980903154293,483.3010164774106,604.2177640213912
371,371,95.22456314354349,101.38224937827906,482.17701588873945,603.2463080919789
372,372,95.14926463755032,101.30515956775349,481.0581449368076,602.2798438871547
373,373,95.07445613830133,101.22853559084194,479.9447969861947,601.3183352997144
374,374,95.00006489239416,101.15237350105608,478.83671591679575,600.3617674381871
375,375,94.92613220802556,101.07666940540236,477.73403324969473,599.4101148284581
376,376,94.85268641694955,101.00141945945299,476.63645963092836,598.4633787796174
377,377,94.77969664827076,100.9266240977822,475.5439546548402,597.5215006349042
378,378,94.70713819164963,100.85227802545313,474.4568229835901,596.5844492310584
379,379,94.63501329004244,100.77837973016756,473.37485392543755,595.6521926977169
380,380,94.56331331650156,100.7049256194832,472.29807344011317,594.7247396011079
381,381,94.49202193780285,100.6319092727779,471.22650742667724,593.8019917228207
382,382,94.42113745484627,100.55932626966049,470.1603201592277,592.8839096773537
383,383,94.35065721864555,100.4871725477285,469.09910575591266,591.9704729270776
384,384,94.2805398034708,100.41544436128386,468.0424195516973,591.0616640103871
385,385,94.21087196094992,100.34413800812159,466.9908909178652,590.1574417097697
386,386,94.14163974411464,100.27324987172062,465.94408058680807,589.2579861203781
387,387,94.07283032701187,100.20277643865673,464.9024676106036,588.36326446686
388,388,94.0044028203141,100.13271426792338,463.86574407211776,587.4729527933519
389,389,93.93639681167973,100.0630599774893,462.83376622622376,586.5870865807306
390,390,93.86872432628012,99.99381023595032,461.8065710616349,585.7056410200694
391,391,93.80145667213505,99.92496175715414,460.7842991415769,584.8289355747748
392,392,93.73453336541988,99.85651129660744,459.76731558283365,583.9564754035404
393,393,93.66797901002614,99.78845564896992,458.7551608980823,583.0882980295041
394,394,93.60176332050636,99.72079164622414,457.7479065444377,582.2244263646376
395,395,93.53596839618505,99.65351615628524,456.74533079165525,581.3648170180529
396,396,93.470569540492,99.58662608189479,455.74760576721036,580.5094533555239
397,397,93.40550643491241,99.52011835970673,454.7548081552375,579.6583174165507
398,398,93.34083365764984,99.45398995951315,453.76667739984754,578.8113828607495
399,399,93.27655172931331,99.38823788355886,452.7833071633442,577.968626365719
400,400,93.21266275606838,99.32286025632538,451.80460398608136,577.1300263101542
401,401,93.14917645924669,99.25785499293629,450.8302650176924,576.2955665191455
402,402,93.0860770431555,99.19321807509527,449.86044981483667,575.4652217082728
403,403,93.02334881750437,99.12894633803779,448.89527036774564,574.6389644455735
404,404,92.96098352596916,99.06503673451448,447.9350103321982,573.8167770560491
405,405,92.898917127628,99.0014863295328,446.9791428929138,572.9986270543018
406,406,92.83725724247586,98.93829226009709,446.02729004580186,572.1845035329281
407,407,92.77595789266644,98.87545171783792,445.0798520887277,571.3743684836825
408,408,92.7150039019892,98.81296193879265,444.13680800393007,570.5681966167493
409,409,92.65434952923798,98.75082019720594,443.19812914474875,569.7659779211648
410,410,92.59406048877564,98.68902421745777,442.26401618256773,568.9676873261034
411,411,92.53409947132751,98.62757278982087,441.33456365923814,568.173284069692
412,412,92.47441687899044,98.56647332488743,440.4093576784153,567.3827506612294
413,413,92.41500608306671,98.50573312748156,439.48833917948843,566.5960698425829
414,414,92.35589013478035,98.44534521028532,438.5715913085434,565.8132107157979
415,415,92.29708961801344,98.38530053607356,437.65898489370625,565.0341548904769
416,416,92.23862988306306,98.32559276051487,436.7504008414728,564.258870409496
417,417,92.1805047396873,98.26621707123465,435.8461704575551,563.4873442343563
418,418,92.12271916634658,98.20716954711182,434.94648788579786,562.7196101696233
419,419,92.0652810031559,98.14844680053233,434.05096527695633,561.9558987494884
420,420,92.00818024518664,98.09004577480991,433.1595911974149,561.1957593398514
421,421,91.95140953794176,98.03196362751392,432.2724015504044,560.4392084047926
422,422,91.89496312708448,97.97419766187369,431.3895051872743,559.686243546341
423,423,91.83883625680966,97.91674576552653,430.5102973327994,558.9368552669902
424,424,91.78301992454342,97.85961050697784,429.63499033451484,558.1910456489339
425,425,91.72740894359968,97.8027901891152,428.76352244780924,557.448784172746
426,426,91.67212167771359,97.74628798769848,427.8958777820033,556.7100616287643
427,427,91.61709759094809,97.69011360938795,427.0324144778396,555.9751547976755
428,428,91.56235834839735,97.6342666729483,426.1731175190689,555.2436925267388
429,429,91.50788421887142,97.57873711223827,425.31764592678854,554.5156340365344
430,430,91.45368347691972,97.52351610749012,424.4657376146716,553.7909846745804
431,431,91.39972580235043,97.46859755035858,423.6182711608373,553.0697348696295
432,432,91.34609704092041,97.41397687770674,422.77475127546694,552.3522605710237
433,433,91.29274861218838,97.35965034146635,421.9351367384986,551.638090799285
434,434,91.23961755071444,97.30561475985779,421.09928398797837,550.9272095236383
435,435,91.18678586833435,97.25186730425527,420.26681862909726,550.2196362873926
436,436,91.13418306850087,97.19840537728292,419.4376661955543,549.5153627805082
437,437,91.08182271804488,97.14522653176664,418.6120707464792,548.8143760079018
438,438,91.02974582040123,97.09232843293488,417.7901525061807,548.116774096058
439,439,90.97789587218183,97.03970882902985,416.97193896266054,547.4226152539145
440,440,90.92628669057855,96.98736553324542,416.1576319436015,546.7316073504929
441,441,90.87489167011913,96.9352964117056,415.3470790461352,546.0437691944098
442,442,90.82385905743266,96.88349937518322,414.5398591399956,545.3591167142613
443,443,90.77315688464199,96.83197237320636,413.7364235967432,544.67762466067
444,444,90.7226758038698,96.78071336995687,412.9368587899536,543.9992836915058
445,445,90.67245504936031,96.72972041987715,412.1408834430123,543.3240866541479
446,446,90.6225325778335,96.67899155513908,411.3484070952871,542.6520233333979
447,447,90.57288170524929,96.62852483503221,410.55966085195416,541.9830841783556
448,448,90.52342653651372,96.57831835165398,409.774543455691,541.3175491692873
449,449,90.4741995290856,96.52837345421656,408.9928157699536,540.6550518023182
450,450,90.42529900470586,96.47868678831213,408.2143684212661,539.9957523266611
451,451,90.37670184999187,96.42925569421938,407.43919880857413,539.3395239855803
452,452,90.32839308282058,96.38007796925464,406.6671616518367,538.6862545599201
453,453,90.2803624320278,96.3311515927347,405.89824833335194,538.0359562451264
454,454,90.23256038637055,96.28247470401794,405.13283266349765,537.3886222333466
455,455,90.18500131905078,96.23404559507222,404.37101855852654,536.7442417231965
456,456,90.13762234780643,96.18586398828468,403.6123562504348,536.1027981037324
457,457,90.09052344221001,96.137927343761,402.85691723199045,535.4642775645731
458,458,90.04369277483093,96.0902334486941,402.10514742521985,534.828669009549
459,459,89.99708429982765,96.04278037473878,401.3565929691537,534.1959626754559
460,460,89.95070905282817,95.99556633846652,400.61109994601344,533.5661469190833
461,461,89.90452509313293,95.94858964870713,399.8690677908433,532.9392039484391
462,462,89.85857586397539,95.90184862864248,399.130341787321,532.3151153415549
463,463,89.81289382997076,95.85534164070154,398.3949172789449,531.6938663640392
464,464,89.76746793843495,95.8090670532374,397.6626919082036,531.075436048892
465,465,89.7222906153897,95.76302382617672,396.9336271815227,530.4598072299805
466,466,89.67735633342461,95.71721023587205,396.20772567719183,529.8469700598013
467,467,89.63266080423645,95.671624322638,395.48511804635496,529.23691644896
468,468,89.58815060442006,95.62626486215672,394.7654916026062,528.6296172354132
469,469,89.54382897656595,95.58113073734214,394.0489654322899,528.0250534266424
470,470,89.49974493865074,95.53622015616436,393.3354826955835,527.4232076000914
471,471,89.45587478883013,95.49153119570434,392.6251163957126,526.8240644059164
472,472,89.41224397394859,95.4470622010213,391.91787975845807,526.2276167893236
473,473,89.36884573542831,95.4028116432543,391.21347540807864,525.6338435681697
474,474,89.32565087645908,95.35877805334994,390.51186755348766,525.0427239688752
475,475,89.28266866255632,95.31495999205828,389.8132614577567,524.4542391110722
476,476,89.2398221650177,95.27135603699068,389.11741348544393,523.868371405758
477,477,89.19716349815573,95.22796868969502,388.4246450571826,523.2851049920278
478,478,89.15474562894606,95.18479420251695,387.73505931541706,522.7044245420831
479,479,89.11255038540445,95.14183051869315,387.04829995865083,522.1263159406675
480,480,89.0705532651168,95.09907588175844,386.3643621895599,521.5507746949496
481,481,89.02873474843729,95.05652870143923,385.683549504495,520.977781770506
482,482,88.98714072783014,95.01418748653542,385.00567957922846,520.4073253474253
483,483,88.94563693735432,94.97205080772804,384.33071800312524,519.8393933615667
484,484,88.90434440759482,94.93011740327006,383.65859440038247,519.2739699237549
485,485,88.86329551535951,94.88838585468511,382.98915866184177,518.71103947328
486,486,88.82247657816654,94.84685478175821,382.3225295381106,518.1505928003825
487,487,88.78185978245806,94.80552284598707,381.65873194752584,517.5926186247218
488,488,88.74145491444193,94.76438873440948,380.99759118775296,517.0371023586462
489,489,88.7012692973111,94.723451152991,380.3390718717135,516.4840261914617
490,490,88.66129590007435,94.68270882299605,379.6830183929348,515.9333738431652
491,491,88.62152972749607,94.64216047894091,379.0296743867501,515.3851309437737
492,492,88.58192803245983,94.60180486742,378.37903753485665,514.8392840143715
493,493,88.54253055573697,94.56164074639663,377.73127980937403,514.2958231623589
494,494,88.50333700282759,94.5216668847553,377.0861148677116,513.7547537236188
495,495,88.46434301024533,94.4818820619988,376.44328717870803,513.2160554967118
496,496,88.42554526959431,94.44228506802976,375.80329626148045,512.6797107678898
497,497,88.38683967304188,94.4028747029786,375.1661361088388,512.1457152392935
498,498,88.34832363746416,94.36364977705858,374.53168763423207,511.6142774842392
499,499,88.30998604248099,94.32460911044001,373.89993023834916,511.085109353512
500,500,88.27182791746479,94.28575157344423,373.2710363948392,510.55820085276383
